Age,Gender,Tumor_size_mm,smoking,height,weight,BMI
30,M,1.0,0,1.6,60,23.437499999999996
40,F,2.0,1,1.7,70,24.221453287197235
85,F,0.1,7,1.8,80,24.691358024691358
75,M,1.0,1,1.5,50,22.22222222222222
95,F,3.0,0,1.9,90,24.930747922437675
100,M,1.0,0,1.7,60,20.761245674740486
100,F,0.5,0,1.6,70,27.343749999999996
